Serial Number,Artist,Song Name,Year,Spotify URL
Card-001,Chumbawamba,Tubthumping,1997,https://open.spotify.com/track/22HYEJveCvykVDHDiEEmjZ
Card-002,Lovedrug,Salt of the Earth,2007,https://open.spotify.com/track/365XTZK21DDew01PgO8T0a
Card-003,The White Stripes,Seven Nation Army,2003,https://open.spotify.com/track/3m6KkYKdnbffMpGd9Pm9FP
Card-004,Starship,Don't Stop Believing,2009,https://open.spotify.com/track/4iIVsaOFYcutuOUslA79P2
Card-005,Black Sabbath,Iron Man,1970,https://open.spotify.com/track/4HzdhXWJqczW6gOIXT6QRH
Card-006,AC/DC,Shoot to Thrill,2010,https://open.spotify.com/track/6GzCkTddOn1vSln1gbSr8y
Card-007,AC/DC,Thunderstruck,2010,https://open.spotify.com/track/52UWtKlYjZO3dHoRlWuz9S
Card-008,AC/DC,Back In Black,2010,https://open.spotify.com/track/2iEGj7kAwH7HAa5epwYwLB
Card-009,AC/DC,Highway to Hell,2010,https://open.spotify.com/track/1OIYK9Ya6EgwJ4fMngrPcK
Card-010,Imagine Dragons,Radioactive,2012,https://open.spotify.com/track/6Ep6BzIOB9tz3P4sWqiiAB
Card-011,Guns N' Roses,Paradise City,1987,https://open.spotify.com/track/3YBZIN3rekqsKxbJc9FZko
Card-012,Guns N' Roses,Welcome To The Jungle,1987,https://open.spotify.com/track/0bVtevEgtDIeRjCJbK3Lmv
Card-013,Guns N' Roses,You Could Be Mine,1991,https://open.spotify.com/track/1BDKqhEFRW5d9Y5CVXNUL1
Card-014,Brick + Mortar,Locked In A Cage,2013,https://open.spotify.com/track/1Z4bpgy49F5P9mQrp29OVK
Card-015,Simple Minds,All The Things She Said,1985,https://open.spotify.com/track/3moXCyaWymML7Ii4nKOvv9
Card-016,Queen,Under Pressure - Remastered 2011,1982,https://open.spotify.com/track/2fuCquhmrzHpu5xcA1ci9x
Card-017,Queen,We Will Rock You - Remastered 2011,1977,https://open.spotify.com/track/4pbJqGIASGPr0ZpGpnWkDn
Card-018,Queen,I Want To Break Free - Single Remix,1984,https://open.spotify.com/track/3Au6174rC3JSzZN5BhCl3D
Card-019,Queen,We Are The Champions - Remastered 2011,1977,https://open.spotify.com/track/1lCRw5FEZ1gPDNPzy1K4zW
Card-020,Queen,Under Pressure,2002,https://open.spotify.com/track/5oidljiMjeJTWUGZ4TfFea
Card-021,Filter,Take a Picture,1999,https://open.spotify.com/track/2c5wml8wsBnPfNSbCZ574T
Card-022,Lynyrd Skynyrd,Sweet Home Alabama,1974,https://open.spotify.com/track/4CJVkjo5WpmUAKp3R44LNb
Card-023,Donovan,Atlantis,1969,https://open.spotify.com/track/0kcEK7YuNNfE7jiTnXS1cm
Card-024,The Who,Baba O'Riley,1971,https://open.spotify.com/track/2KmEgiY8fQs0G6WNxtzQKr
Card-025,Green Day,21 Guns,2009,https://open.spotify.com/track/64yrDBpcdwEdNY9loyEGbX
Card-026,Green Day,Holiday / Boulevard of Broken Dreams,2004,https://open.spotify.com/track/0MsrWnxQZxPAcov7c74sSo
Card-027,Green Day,Boulevard of Broken Dreams,2004,https://open.spotify.com/track/1hwJKpe0BPUsq6UUrwBWTw
Card-028,Black Strobe,I’m A Man,2007,https://open.spotify.com/track/1fWQpfqqp16vhc2PVjYUnG
Card-029,The Subways,Rock & Roll Queen,2005,https://open.spotify.com/track/1O5qBgWDXf19N75X7Bvilv
Card-030,Movie Sounds Unlimited,The Little Things - From Wanted,2008,https://open.spotify.com/track/6zxbKq8h4GcV1mRMHgchKt
Card-031,Bon Jovi,Livin' On A Prayer,1986,https://open.spotify.com/track/3v7Hpshu7Lppgw8kSsy5ly
Card-032,Bon Jovi,It's My Life,2000,https://open.spotify.com/track/1zOaxkbS1kAY1gIi0g8sOm
Card-033,Bon Jovi,You Give Love A Bad Name,1986,https://open.spotify.com/track/5VVwwfK6Cp9IydkhKfJUEq
Card-034,Bon Jovi,Always,2010,https://open.spotify.com/track/7o10Pto0YFchZl1zL4dLPH
Card-035,Bon Jovi,Wanted Dead Or Alive,1986,https://open.spotify.com/track/0whc72kLlbhR5QMmj9XPnb
Card-036,Bon Jovi,Runaway,2010,https://open.spotify.com/track/2NhrdplfGpqU2F4vIKR4Hv
Card-037,Bon Jovi,Everyday,2002,https://open.spotify.com/track/0EBNF6XrSb69UzTkwoJCwR
Card-038,Bon Jovi,Say It Isn't So,2000,https://open.spotify.com/track/4Z0pQEQKDRjtSUBSBrZTHP
Card-039,Bon Jovi,Two Story Town,2000,https://open.spotify.com/track/3J88WMr3QbdynGE2ZQH6oo
Card-040,Blue Öyster Cult,(Don't Fear) The Reaper,2017,https://open.spotify.com/track/4NgWC8tG7zDxfwrDsAzcHg
Card-041,Scorpions,Wind Of Change,1990,https://open.spotify.com/track/6wjSNO6uJYlgbbfauyWhiw
Card-042,Scorpions,Rock You Like a Hurricane - 2011,2011,https://open.spotify.com/track/46QazXxQS0B31CnbRCy8CV
Card-043,Scorpions,New Generation,2004,https://open.spotify.com/track/5RDFTCOQebIccCT694QfBa
Card-044,Scorpions,Dust in the Wind - Live,2001,https://open.spotify.com/track/2goTjpiBRV0qd2gZrAtpIZ
Card-045,Scorpions,To Be No.1,1999,https://open.spotify.com/track/0NvxaZA5IXJsSu1sdSSSce
Card-046,Scorpions,Mind Like A Tree,1999,https://open.spotify.com/track/7nUW2Epgu5pyeYVRCgyZsE
Card-047,Scorpions,Eye To Eye,1999,https://open.spotify.com/track/3PiJ8384lp49EaFUooThaP
Card-048,Scorpions,No Pain No Gain - Live,1995,https://open.spotify.com/track/4nUpGjcqMu7NLuAdRv3ls3
Card-049,Scorpions,Alien Nation - Live,1995,https://open.spotify.com/track/3cuBSiNb8eX0coVqs1rgaf
Card-050,Scorpions,Crazy World - Live,1995,https://open.spotify.com/track/0BAYSk9xrdM0TJiD9185Xb
Card-051,Liquido,Doubledecker,1999,https://open.spotify.com/track/5WwUsdGMKxdJ1eUAZ9CvdE
Card-052,Liquido,Swing It,1999,https://open.spotify.com/track/2i7tDbpwjEfjmoOt3URQGK
Card-053,Liquido,Ordinary Life,2005,https://open.spotify.com/track/3wkUA6OFKgAzXlRS3dmdPT
Card-054,The Offspring,Hit That,2003,https://open.spotify.com/track/1C2CPvmL5R6nODesaZF4df
Card-055,The Offspring,(Can't Get My) Head Around You,2003,https://open.spotify.com/track/7LOvKnhYYLqPvP5A2rAKOh
Card-056,The Offspring,Have You Ever,1998,https://open.spotify.com/track/1Sbg8XVzkUskvfbke5nDNM
Card-057,The Offspring,Pretty Fly (For a White Guy),1998,https://open.spotify.com/track/15HadeuRG9THazDGzLH8ZU
Card-058,The Offspring,The Kids Aren't Alright,1998,https://open.spotify.com/track/4sQJXbtxwoKHG7PwMRJ0Ig
Card-059,The Offspring,She's Got Issues,1998,https://open.spotify.com/track/2iJ9v0iFSOiU2fpfumudlN
Card-060,Scorpions,Still Loving You,2011,https://open.spotify.com/track/0RdUX4WE0fO30VnlUbDVL6
Card-061,Scorpions,Rock You Like A Hurricane,1984,https://open.spotify.com/track/2TFi29E9X6MPc05Vyfzout
Card-062,TOTO,Africa,1982,https://open.spotify.com/track/2374M0fQpWi3dLnB54qaLX
Card-063,TOTO,I'll Be Over You,1986,https://open.spotify.com/track/1WeoeHh0TSzsApyJ6Q8OOK
Card-064,Boston,More Than a Feeling,1976,https://open.spotify.com/track/1QEEqeFIZktqIpPI4jSVSF
Card-065,Los Lobos,La Bamba,1993,https://open.spotify.com/track/6uU5OBhGUE1ngSKDj4wtoq
Card-066,Bloodhound Gang,The Bad Touch,1999,https://open.spotify.com/track/2ypT0w7jeCwcEQQvNE5o92
Card-067,Black Sabbath,Paranoid,1970,https://open.spotify.com/track/5ERnPWGQc5QK7M7HW3rjC6
Card-068,Bloodhound Gang,The Ballad Of Chasey Lain,1999,https://open.spotify.com/track/02HSEUuCs9wGA5IfFKkvmq
Card-069,Bloodhound Gang,I Hope You Die,2010,https://open.spotify.com/track/0n2BFctG4LXBlMd0yZuin5
Card-070,Heart,Black On Black II,1993,https://open.spotify.com/track/7358fT3s7gGFQPiMyXDiQh
Card-071,Fleetwood Mac,Miranda,2003,https://open.spotify.com/track/1zgYm6oTVVyUMVK7XtCIre
Card-072,Fleetwood Mac,Say You Will,2003,https://open.spotify.com/track/3YrjFJwsOPWShEkIvxbqwW
Card-073,Blackmore's Night,Under a Violet Moon,1999,https://open.spotify.com/track/2WpmMlS6Tr01C7UNFjQI3U
Card-074,Blackmore's Night,Shadow of the Moon,1997,https://open.spotify.com/track/0YZOgA5bZShrLXsRRVhbDz
Card-075,Journey,Don't Stop Believin',1981,https://open.spotify.com/track/4bHsxqR3GMrXTxEPLuK5ue
Card-076,Journey,Any Way You Want It,1980,https://open.spotify.com/track/71SvEDmsOwIWw1IozsZoMA
Card-077,Journey,Separate Ways (Worlds Apart),1983,https://open.spotify.com/track/4ECNtOnqzxutZkXP4TE3n3
Card-078,Journey,Lights,1978,https://open.spotify.com/track/7EHmKkyAr6MZv5Y2FdZbXw
Card-079,Journey,Open Arms,1981,https://open.spotify.com/track/2w4EpqGasrz9qdTwocx54t
Card-080,Journey,Wheel in the Sky,1978,https://open.spotify.com/track/215wUTQQUo2PElJFEFoB0d
Card-081,Journey,Message Of Love,1996,https://open.spotify.com/track/6riZhfpti08WJHMioUeZ6N
Card-082,Journey,One More,1996,https://open.spotify.com/track/5qQOrElYArBX1CQvqvSmN8
Card-083,Journey,When You Love A Woman,1996,https://open.spotify.com/track/2Ie2PTlhSYqE7WG5l6QzrB
Card-084,Journey,If He Should Break Your Heart,1996,https://open.spotify.com/track/1spUU1Cd4TDfukGpqhBIo7
Card-085,Journey,Forever In Blue,1996,https://open.spotify.com/track/5B1UWtanEbLgCYuKUyW36w
Card-086,Journey,Castles Burning,1996,https://open.spotify.com/track/71vePXG1dbxgpiN5pguTgh
Card-087,Journey,Still She Cries,1996,https://open.spotify.com/track/4uwX1rSPB7YjyiJBi2mJ4Z
Card-088,Journey,Can't Tame The Lion,1996,https://open.spotify.com/track/6tGHmbmZOjahtqaoU5Yask
Card-089,Ayreon,Liquid Eternity,2010,https://open.spotify.com/track/1GPKPubSpZBkhy3C08C2gU
Card-090,Ayreon,The Truth Is In Here,2010,https://open.spotify.com/track/7wbUpcn3QMme977f92zjmi
Card-091,Ayreon,Day Seven: Hope,2010,https://open.spotify.com/track/5ohXAsT2WoVsdy7ZTTBf2R
Card-092,Ayreon,Day Nine: Playground,2010,https://open.spotify.com/track/1lFn8cqA8d12IWOuLyePHE
Card-093,Ayreon,Day Thirteen: Sign,2010,https://open.spotify.com/track/1CrbTUop6yKGgh22LkGx0o
Card-094,Ayreon,Day Sixteen: Loser,2010,https://open.spotify.com/track/26PBYwMHm2LZVOVrlZ7Cuv
Card-095,Ayreon,Day Seven: Hope,2004,https://open.spotify.com/track/5eRCCfLuU07zkZDQhC03Dl
Card-096,Ayreon,Day Eleven: Love,2004,https://open.spotify.com/track/3R8oScEzCQgPYzEBG928YU
Card-097,Ayreon,My House On Mars,2010,https://open.spotify.com/track/0KTcnsCmCDUy2OxeVvrkx1
Card-098,Ayreon,One Small Step,2010,https://open.spotify.com/track/6x60hkJ7iCqdblQCtpM1nS
Card-099,Ayreon,Carried By the Wind,2010,https://open.spotify.com/track/5X7H8vdEgsmKyqbRvhqbMH
Card-100,Ayreon,Dawn of a Million Souls,2010,https://open.spotify.com/track/06Ai5XdHITqigYEmRiZ8LJ
Card-101,Therion,An Arrow From The Sun,2004,https://open.spotify.com/track/4bMp6wpm4W1kmMrbxUQXvP
Card-102,Therion,Uthark Runa,2004,https://open.spotify.com/track/6ak1XdQK2UWWWlNMWxm8XI
Card-103,Therion,Son Of The Sun,2004,https://open.spotify.com/track/4DWXJlvTYMf5tNZDG9r7NG
Card-104,Therion,"Kali Yuga, Part 1",2004,https://open.spotify.com/track/1y6HUZ11dytItAi5CR9nfK
Card-105,Jimi Jamison,I'm Always Here,2003,https://open.spotify.com/track/3jrrzARtRHEtv54XADkftw
Card-106,Crown Of Thorns,Birds On A Wire,2000,https://open.spotify.com/track/6dT0CkrlA8YHu0PI4d5xBu
Card-107,Crown Of Thorns,End Of The Century,2000,https://open.spotify.com/track/5C5EafAQJdNExNvjO2A4SG
Card-108,Crown Of Thorns,Buried Alive,2000,https://open.spotify.com/track/2eExGdS92ElVdIRo1R5I7K
Card-109,Crown Of Thorns,Crying Game,2000,https://open.spotify.com/track/4N4gYEnz0IfN6OlAJbLpaC
Card-110,Crown Of Thorns,Heaven Tonight,2000,https://open.spotify.com/track/7yOB4g1X9whwGgWhtb82iB
Card-111,Lake Of Tears,Return Of Ravens,2002,https://open.spotify.com/track/5PX2ROY0ZG0wxVoZlhONuu
Card-112,Lake Of Tears,Sorcerers,2002,https://open.spotify.com/track/7jl8cDdXGGCWsWUlQGyc7g
Card-113,Lake Of Tears,So Fell Autumn Rain,1999,https://open.spotify.com/track/1o4AxbKENgPOJ3BiytPl9i
Card-114,Lake Of Tears,Forever Autumn,1999,https://open.spotify.com/track/25ykJCxksOh2mWWOF7hCOM
Card-115,Lake Of Tears,Demon You/ Lilly Ann,1999,https://open.spotify.com/track/69wzS2ItlmoE6vw7Ek2VrJ
Card-116,Lake Of Tears,Lady Rosenred,1997,https://open.spotify.com/track/4YKUZOBTLXZiLg8RSvla1A
Card-117,Lake Of Tears,A Crimson Cosmos,1997,https://open.spotify.com/track/6ee1eeClrxV9PXHerYBN8o
Card-118,Lake Of Tears,To Blossom Blue,1999,https://open.spotify.com/track/3O4OXDnlSiPmUcK3nEMclw
Card-119,AC/DC,Hells Bells,1980,https://open.spotify.com/track/69QHm3pustz01CJRwdo20z
Card-120,AC/DC,What Do You Do for Money Honey,1980,https://open.spotify.com/track/6Th6ND8RQPywiyelecP5Lf
Card-121,Queen,Bohemian Rhapsody - Remastered 2011,1981,https://open.spotify.com/track/2OBofMJx94NryV2SK8p8Zf
Card-122,Royal Hunt,Cold City Lights,2012,https://open.spotify.com/track/54yQ0YZ6hqw8YEE1f7O11I
Card-123,Ozzy Osbourne,Hellraiser,1991,https://open.spotify.com/track/4nvYDy427VvA1TcEkdgZII
Card-124,Scorpions,Holiday - Live,2001,https://open.spotify.com/track/20n32Ci4vq4SlwBBDlpjwr
Card-125,Ozzy Osbourne,Facing Hell,2001,https://open.spotify.com/track/1zLr6SnnxGIqntjCXvras2
Card-126,Gun,Stand In Line,1994,https://open.spotify.com/track/68L5eAAaX1zCJU7s5504AK
Card-127,Gun,Crying Over You,1994,https://open.spotify.com/track/4gzadj7JJRbgRrSnweoQB4
Card-128,Gun,Word Up - Radio Mix,1994,https://open.spotify.com/track/60rE0y6b1kuiPHYLDsCyED
Card-129,Westworld,Skin,2002,https://open.spotify.com/track/03eIfLWCpv2aB0w6SdWNC2
Card-130,Westworld,Ice Queen,2002,https://open.spotify.com/track/5HPQXPMJvGR2WEvh7EzwTT
Card-131,DREAMTIDE,Ten Years Blind,2001,https://open.spotify.com/track/5sAqjwud6x633PXPZRGs76
Card-132,DREAMTIDE,Crashed,2001,https://open.spotify.com/track/6DPIQRGzCxEYgdSFPQ42gT
Card-133,Lord Huron,Fool for Love,2015,https://open.spotify.com/track/7Gk1D8iiJf0Pr6ZaH2aond
Card-134,Santana,Smooth (feat. Rob Thomas),1999,https://open.spotify.com/track/0n2SEXB2qoRQg171q7XqeW
Card-135,AC/DC,Dogs of War,2014,https://open.spotify.com/track/2eSsmjwzDB9JTGvn2ZPLE9
Card-136,Huey Lewis & The News,The Power Of Love - 2006 Remastered Version,2008,https://open.spotify.com/track/0BuhyFIoYROQCptB6bXsYR
Card-137,AC/DC,You Shook Me All Night Long,1986,https://open.spotify.com/track/6yl8Es1tCYD9WdSkeVLFw4
Card-138,Marty McFly,"Johnny B. Goode - From ""Back To The Future"" Soundtrack",1985,https://open.spotify.com/track/6MISU9p4qR5w7K54qSo047
Card-139,Creedence Clearwater Revival,Fortunate Son,2005,https://open.spotify.com/track/07ANB9prOyNTWnMbDGNzdW
Card-140,Hozier,In The Woods Somewhere,2014,https://open.spotify.com/track/2uVa2CxC67xq5JWQazKOAa
Card-141,Blondie,Maria,2002,https://open.spotify.com/track/7bOYOD0d7ByMTXvJnQVl8d
Card-142,George Thorogood & The Destroyers,Bad To The Bone,1982,https://open.spotify.com/track/6s0NHplywwr1IjnQpUpWJk
Card-143,Creedence Clearwater Revival,Fortunate Son,1976,https://open.spotify.com/track/7GkM8M2EC8OJblOxQxAR7t
Card-144,The Mamas & The Papas,California Dreamin' - Single Version,2006,https://open.spotify.com/track/1cCaFCpZ8FKdLalzLWrklQ
Card-145,Bon Jovi,Bad Medicine,1988,https://open.spotify.com/track/3btRbeejnidrYVyJt6J7Gz
Card-146,Avenged Sevenfold,Hail to the King,2013,https://open.spotify.com/track/5anCkDvJ17aznvK5TED5uo
Card-147,Arjen Anthony Lucassen's Star One,Set Your Controls,2002,https://open.spotify.com/track/4zI5a6nrovHyLKe9p1K7M4
Card-148,Arjen Anthony Lucassen's Star One,High Moon,2002,https://open.spotify.com/track/7o4qJNXKbU2q2w5O5T9xQH
Card-149,Arjen Anthony Lucassen's Star One,Songs of the Ocean,2002,https://open.spotify.com/track/0iW4QX6QxnkRTq1SbsNodS
Card-150,Arjen Anthony Lucassen's Star One,The Eye of Ra,2002,https://open.spotify.com/track/6lF8BSwhDbTQbv3wdY1drd
Card-151,Stereophonics,Maybe Tomorrow,2003,https://open.spotify.com/track/4M7XzMb9rNL4rncIXR5pD6
Card-152,Johnny Cash,Ain't No Grave,2010,https://open.spotify.com/track/3VSW7iXXxXMPBULAXLhEGc
Card-153,Sweet,Fox On The Run - '98 Radio Version,2016,https://open.spotify.com/track/42yKMQTPLWy3QjQCZeZTry
Card-154,Huey Lewis & The News,The Power Of Love,2006,https://open.spotify.com/track/2olVm1lHicpveMAo4AUDRB
Card-155,Huey Lewis & The News,Back In Time,2006,https://open.spotify.com/track/1lr7QGyV5RohlODzAqnuZA
Card-156,Goodbye June,Oh No,2016,https://open.spotify.com/track/51EhqjwJH9AmtnQhxVGv1F
Card-157,Europe,Rock the Night,1986,https://open.spotify.com/track/3J9NEWkd9Cx1MwSSvDySkL
Card-158,Nirvana,Heart-Shaped Box,2002,https://open.spotify.com/track/6EvgWSbWmQelxrQBmhEdXh
Card-159,Ozzy Osbourne,Dreamer,2003,https://open.spotify.com/track/1edCFSAq1uhb8WOBvSvVJr
Card-160,The Clash,I Fought the Law,2013,https://open.spotify.com/track/7lSDCrF11sdTVfjbAQVZE8
Card-161,Eric Johnson,Cliffs Of Dover - Instrumental,1990,https://open.spotify.com/track/5qm0KiVKMXW1kq6VrnIhz5
Card-162,Ayreon,The Castle Hall,2008,https://open.spotify.com/track/4j21q9m0D7L8yniJGy9B4H
Card-163,Band Of Skulls,I Know What I Am,2009,https://open.spotify.com/track/2emjgVnrbTxBpdP6Ww0aJo
Card-164,Iron Maiden,Fear Of The Dark - 1998 Remastered Version,1992,https://open.spotify.com/track/3PKLkUWUg493h1FHfDAi3d
Card-165,Quiet Riot,Cum on Feel the Noize,2009,https://open.spotify.com/track/6CfjAVG9FwmwRtxE8yEWlu
Card-166,The Doors,Riders on the Storm - New Stereo Mix,2008,https://open.spotify.com/track/4PREkXFb8YawThmhZICrXR
Card-167,3 Doors Down,Kryptonite,2007,https://open.spotify.com/track/3bbUkaQYGQHkx1TJi7gPSL
Card-168,Journey,Don't Stop Believin',2001,https://open.spotify.com/track/77NNZQSqzLNqh2A9JhLRkg
Card-169,Tarja,Oasis,2007,https://open.spotify.com/track/5hGoIsMmOwF3EsDpp4nwws
Card-170,Coheed and Cambria,Welcome Home,2005,https://open.spotify.com/track/42GP0xKtkolBnmqQRvSllO
Card-171,Sisters of Mercy,More,1993,https://open.spotify.com/track/4Ky9TXlqMjgmzEVPEpCwNE
Card-172,Led Zeppelin,Immigrant Song - Remaster,1970,https://open.spotify.com/track/78lgmZwycJ3nzsdgmPPGNx
Card-173,The Offspring,Come Out And Play (Keep ‘Em Separated),2005,https://open.spotify.com/track/6mHa1qKQRA5dCFHL1Te7Q5
Card-174,Staind,It's Been Awhile,2006,https://open.spotify.com/track/0d2YnyIPgmPQqNSzDg8s8Q
Card-175,Kansas,Dust in the Wind,1977,https://open.spotify.com/track/6zeE5tKyr8Nu882DQhhSQI
Card-176,Heart,Move On,2004,https://open.spotify.com/track/5ZFjZ7JSUJTO8Ueupdigby
Card-177,Heart,Vainglorious,2004,https://open.spotify.com/track/2Y9rajoJDfxV1Tma3JZ0uI
Card-178,Fleetwood Mac,Destiny Rules,2003,https://open.spotify.com/track/0U57U1RaQLD6YT7OiK8QPj
Card-179,Fleetwood Mac,Murrow Turning over in His Grave,2003,https://open.spotify.com/track/0saFueQh8AfgulSb7NkHr7
Card-180,Fleetwood Mac,Peacekeeper,2003,https://open.spotify.com/track/47QCcoUKxDP1vuli0LwT8G
Card-181,Styx,Brave New World,1999,https://open.spotify.com/track/7sdcFE4SXe1iIMuRKtepVT
Card-182,Styx,Best New Face,1999,https://open.spotify.com/track/4qiMdEvtr008Ma5WK49ZFG
Card-183,Styx,Brave New World - Reprise,1999,https://open.spotify.com/track/6Ax5pUNiMAARYHbhnKIBLt
Card-184,Styx,What Have They Done to You,1999,https://open.spotify.com/track/7e9aKjcLgnBlgpISq6vcXh
Card-185,Styx,Everything Is Cool,1999,https://open.spotify.com/track/5okKNaDNqus2VsxmFCqn3z
Card-186,Arjen Anthony Lucassen's Star One,Sandrider,2002,https://open.spotify.com/track/0vfbZPwcNOYRVDv3Wn3ef5
Card-187,Scorpions,Rhythm Of Love,1995,https://open.spotify.com/track/7ATcumB9mGUykJ369vf5yV
Card-188,John Fogerty,Fortunate Son (with Foo Fighters),2013,https://open.spotify.com/track/68gpaI2D80Li95PiQiplMv
Card-189,Judas Priest,Painkiller,1990,https://open.spotify.com/track/0L7zm6afBEtrNKo6C6Gj08
Card-190,Europe,The Final Countdown,1986,https://open.spotify.com/track/3MrRksHupTVEQ7YbA0FsZK
Card-191,Arjen Anthony Lucassen,Pink Beatles In a Purple Zeppelin,2012,https://open.spotify.com/track/0NMMjxrvanP6IXDMVPp3Nw
Card-192,Arjen Anthony Lucassen,Welcome to the Machine,2012,https://open.spotify.com/track/1RJrHfO4dBGtDvbYWRI9Sd
Card-193,Arjen Anthony Lucassen's Star One,Perfect Survivor,2002,https://open.spotify.com/track/5fjiwuFHIOyLnh9DNZlCUa
Card-194,Lake Of Tears,Black Brick Road,2004,https://open.spotify.com/track/2d1sqJADVmYy3qpIH2IoOS
Card-195,Lake Of Tears,The Greymen,2004,https://open.spotify.com/track/6q9mbGorOCvWkbcLCtYzDf
Card-196,Joe Satriani,What Breaks a Heart,2002,https://open.spotify.com/track/7nNSCVFMnxaTh9YOr6G5Vu
Card-197,Joe Satriani,Starry Night,2002,https://open.spotify.com/track/7g9UkRIHKhrWdVXDw3uxJA
Card-198,Pixies,Where Is My Mind?,1997,https://open.spotify.com/track/5BP0oaQ1VhuaznT77CBXQp
Card-199,Twisted Sister,We're Not Gonna Take It,1984,https://open.spotify.com/track/1hlveB9M6ijHZRbzZ2teyh
Card-200,Van Halen,Jump,1996,https://open.spotify.com/track/6Fba9RZtC6vTY814JToDtP
Card-201,Led Zeppelin,When the Levee Breaks - Remaster,1971,https://open.spotify.com/track/05f8Hg3RSfiPSCBQOtxl3i
Card-202,The Rolling Stones,Play With Fire - Mono / Remastered,1966,https://open.spotify.com/track/3jPSUFhFGSVahvwMnko0Uq
Card-203,TOTO,Rosanna,1982,https://open.spotify.com/track/37BTh5g05cxBIRYMbw8g2T
Card-204,Kansas,Carry on Wayward Son,1976,https://open.spotify.com/track/4DMKwE2E2iYDKY01C335Uw
Card-205,Ted Nugent,Stranglehold,1975,https://open.spotify.com/track/2f0P7iELCvAlV8j6Z3rGDE
Card-206,Damn Yankees,Don't Tread on Me,1992,https://open.spotify.com/track/1gw3nz0tcMNwMO2ZwFT8OE
Card-207,Billy Idol,Rebel Yell,1983,https://open.spotify.com/track/4TIJ7zSBNejpoIPaWpWRKc
Card-208,Skid Row,18 and Life,1989,https://open.spotify.com/track/0qgrrDnUUhyxpxbBznUnzg
Card-209,Skid Row,Youth Gone Wild,1989,https://open.spotify.com/track/1jF5Id0OPFU1Mae8BEUF5u
Card-210,Ted Nugent,Cat Scratch Fever,1977,https://open.spotify.com/track/6nxlHmpBJYicXHC0mvcKOm
Card-211,Lake Of Tears,To Die Is To Wake,1997,https://open.spotify.com/track/5uPnmWy9QzfTwvr5fXE0OZ
Card-212,Foghat,Slow Ride,1975,https://open.spotify.com/track/5aYVqxyetmT5OYmvZCA90X
Card-213,Pink Floyd,"Another Brick In The Wall, Pt. 2 - 2011 Remastered Version",1979,https://open.spotify.com/track/7rPzEczIS574IgPaiPieS3
Card-214,Led Zeppelin,Stairway to Heaven - Remaster,1971,https://open.spotify.com/track/5CQ30WqJwcep0pYcV4AMNc
Card-215,Deep Purple,Smoke On The Water - Remastered 2012,1972,https://open.spotify.com/track/5MMnwYs0hIxkENRsbkWJ2G
Card-216,Sam Gorski,Where the Light Begins,2018,https://open.spotify.com/track/7GbFwSqPk6cVQBZvZ1CeC3
Card-217,Roxette,The Look,1988,https://open.spotify.com/track/0ZfM5XfJTtFPhOxAERRnNY
Card-218,Judas Priest,Electric Eye,1982,https://open.spotify.com/track/3w9zHVKI28aUPZTxq8oDC6
Card-219,Nirvana,Come As You Are,1991,https://open.spotify.com/track/0MKGH8UMfCnq5w7nG06oM5
Card-220,The So So Glos,Connection (Elastica),2016,https://open.spotify.com/track/4NumnrbnLfYL9Ed2X7A9Nr
Card-221,Garbage,Only Happy When It Rains,1995,https://open.spotify.com/track/1yea9mxOFUgcXOt5cgiBT6
Card-222,No Doubt,Just A Girl,1995,https://open.spotify.com/track/1VA38sp5Jr6vWxgoIcnxKN
Card-223,R.E.M.,Man On The Moon,1992,https://open.spotify.com/track/4jLv3tDBu8ww2R07DvL12s
Card-224,Hole,Celebrity Skin,1998,https://open.spotify.com/track/2V4Bc2I962j7acQj1N0PiQ
Card-225,Steve Stevens,Atomic Playboys,1989,https://open.spotify.com/track/1n6X8tdTSuQCyPABE8JjBm
Card-226,Blackmore's Night,Locked Within the Crystal Ball,2014,https://open.spotify.com/track/59pifHNuyIjDDEs7hZbyPq
Card-227,Blackmore's Night,Storm,2001,https://open.spotify.com/track/2M0Oir6IkwCfJTwNl7vaUW
Card-228,Blackmore's Night,The Circle,2014,https://open.spotify.com/track/0cM9DY0BcqUAkFjguRlLrO
Card-229,Blackmore's Night,Home Again,2001,https://open.spotify.com/track/1Y3YNFcYtkcSdmf033b4UT
Card-230,Dope,You Spin Me Round (Like A Record),1999,https://open.spotify.com/track/0Hxty2K8F2DrrCXQyQVpBo
Card-231,Therion,Lemuria,2004,https://open.spotify.com/track/56tVT5mwDuWxFXICThF4ys
Card-232,Therion,Abraxas,2004,https://open.spotify.com/track/4Jlfwz1f1MUCqtDYNk6oNk
Card-233,Heart,Alone,1987,https://open.spotify.com/track/54b8qPFqYqIndfdxiLApea
Card-234,Therion,"Mon amour, mon ami",2012,https://open.spotify.com/track/3AUr2bHK7ihERCkBTvITrc
Card-235,Therion,The Rise of Sodom and Gomorrah,1998,https://open.spotify.com/track/7qnE6xY3q2OLOs30tYJs6r
Card-236,Therion,Blood of Kingu,2004,https://open.spotify.com/track/5l8VNb7uWoeBeKZEYrhjZT
Card-237,Therion,Melek Taus,2004,https://open.spotify.com/track/21oV9nKwogJ6N7fVMqK7N9
Card-238,Heart,All I Wanna Do Is Make Love To You,1990,https://open.spotify.com/track/5YjKdeES9QRJ8NmF4Xc8pV
Card-239,Heart,Crazy On You,1975,https://open.spotify.com/track/5zH710lFSLtkHbMkslLDjR
Card-240,Blackmore's Night,Can't Help Falling in Love,2014,https://open.spotify.com/track/65rjRHP0jRt8blvyUKFVqr
Card-241,Blackmore's Night,Crowning of the King,2001,https://open.spotify.com/track/1Wgts97OZmLG1PGh3zbidR
Card-242,Damien Paul,Rise Up Dead Man,2014,https://open.spotify.com/track/0c5M020eKdTqMULEqPdKLr
Card-243,Don McLean,American Pie,1971,https://open.spotify.com/track/1fDsrQ23eTAVFElUMaf38X
Card-244,Geordie,House of the Rising Sun,2012,https://open.spotify.com/track/7lbtwHHR7GKruioNjubpQz
Card-245,Anouk,Nobody's Wife,1997,https://open.spotify.com/track/1Q0p30HuN1ADMX2CmPzIvO
Card-246,Sirenia,Seven Sirens and a Silver Tear,2004,https://open.spotify.com/track/5ONlVQKNuOH7JBj2T3lUsX
Card-247,,,0000,https://open.spotify.com/track/1NYMRQqnJ2pvu7ACc8PrGN
Card-248,,,0000,https://open.spotify.com/track/1PvVfyAGcSLqMZkjv9v4Al
Card-249,,,0000,https://open.spotify.com/track/4IStnhufi3vAbMY9LyniTW
Card-250,,,0000,https://open.spotify.com/track/7bJ1aUgtyEJM4pNuZvk6s4
Card-251,,,0000,https://open.spotify.com/track/4AEQuGCTSkq88ewQyvnpS0
Card-252,,,0000,https://open.spotify.com/track/0FMlHijoKUqaom7e6dLQB6
Card-253,,,0000,https://open.spotify.com/track/2iI9RHzFcjM5Frf91vC1Cd
Card-254,,,0000,https://open.spotify.com/track/2NozSqBrWaenZXNRJM8KMq
Card-255,Guns N' Roses,Dust N' Bones,1991,https://open.spotify.com/track/21gOL3GPwR8Vg91HHpBLsM
Card-256,Skid Row,Get the Fuck Out,1991,https://open.spotify.com/track/6LuPzcDuN3oeHxDbUG55u4
Card-257,Bryan Adams,Summer Of '69,2002,https://open.spotify.com/track/5EU1mh0C4Km3k6vGvIDN2J
Card-258,Jeff Scott Soto,Doctor Doctor,2015,https://open.spotify.com/track/0PUM5bQrsTz8wqC3sfYqoX
Card-259,Loverboy,Can't Get Much Better,1987,https://open.spotify.com/track/4nuU8koQ54gYCyT75KAD3R
Card-260,Judas Priest,Blood Red Skies,1988,https://open.spotify.com/track/7g796noAmjjQOibxStn85a
Card-261,Thin Lizzy,Suicide,1975,https://open.spotify.com/track/5xcu9C1lnfPtSbu7WKU9eQ
Card-262,AC/DC,Let There Be Rock,1977,https://open.spotify.com/track/753KutoAy00apPsplMRetG
Card-263,Journey,Any Way You Want It,2001,https://open.spotify.com/track/2DyHhPyCZgZzNXn1IrtsTu
Card-264,Orion's Reign,Nostos,2018,https://open.spotify.com/track/3W6Xik6Xxf06JuUoZSATlD
Card-265,Dropkick Murphys,I'm Shipping Up To Boston,2005,https://open.spotify.com/track/7rSERmjAT38lC5QhJ8hnQc
Card-266,Chris Stapleton,Joy Of My Life,2020,https://open.spotify.com/track/4EuaDcxHmHKS6gZ5iuGba0
Card-267,Huey Lewis & The News,Hip To Be Square,1986,https://open.spotify.com/track/648BMGrt98kUbLo24A4vgj
Card-268,Triász,Szél repítse lelkem - Elrejtettél a szívedben,2017,https://open.spotify.com/track/5kks6Hr3BvIbGG9WP9TCAV
Card-269,Creedence Clearwater Revival,Have You Ever Seen The Rain,1970,https://open.spotify.com/track/2LawezPeJhN4AWuSB0GtAU
Card-270,Tenacious D,Tribute,2001,https://open.spotify.com/track/6crBy2sODw2HS53xquM6us
Card-271,Styx,Blue Collar Man (Long Nights),1978,https://open.spotify.com/track/60F6ntlU0uSzgChmyQyVJP
Card-272,Van Halen,Panama,1996,https://open.spotify.com/track/42Lq6GBO5KUSNeSgJsOoke
Card-273,Styx,Our Wonderful Lives,2021,https://open.spotify.com/track/0RFhT85VZuboOkCfxVGZop
Card-274,Bryan Adams,Run To You,1984,https://open.spotify.com/track/2RWFncSWZEhSRRifqiDNVV
Card-275,Bryan Adams,Summer Of '69,1984,https://open.spotify.com/track/0GONea6G2XdnHWjNZd6zt3
Card-276,Kings of Leon,Don't Matter,2013,https://open.spotify.com/track/48Jhybk2ZpPrnFb3oXdh6Z
Card-277,Alice Cooper,School's Out,1972,https://open.spotify.com/track/5Z8EDau8uNcP1E8JvmfkZe
Card-278,Birdbrain,Youth of America,1997,https://open.spotify.com/track/7yS8iTWq1arAy4Xik1Sk1z
Card-279,,,0000,https://open.spotify.com/track/1U0Evp9nzpbZx2PDcBtEnK
Card-280,,,0000,https://open.spotify.com/track/7sGVo6VZHkT4pcU3rMwonV
Card-281,,,0000,https://open.spotify.com/track/3hNMtOqJszZ9bmaLWFl2wC
Card-282,,,0000,https://open.spotify.com/track/4MEdFlXhWohd2cwLfki3Ty
Card-283,,,0000,https://open.spotify.com/track/6Vb0kbaVkpzsBWImqdGFIj
Card-284,,,0000,https://open.spotify.com/track/1irTevdGsPOQgL21Oc0Wbo
Card-285,,,0000,https://open.spotify.com/track/54psEtZSBxQ90XOHqa7aya
Card-286,,,0000,https://open.spotify.com/track/03VnnAM59v2IdKD8rCIiXA
Card-287,,,0000,https://open.spotify.com/track/0BiNibHX0rxYi9XOMEUpKu
Card-288,Ida Maria,Bad Karma,2010,https://open.spotify.com/track/37Id54lVAGq959v02pTZFr
Card-289,Locksley,On Fire,2010,https://open.spotify.com/track/2IqENsL37ZLE1T2J80VTCU
Card-290,Scorpions,Send Me An Angel,1990,https://open.spotify.com/track/1bKQ48M9onID2kbSpRy8kK
Card-291,Electric Six,Danger! High Voltage - Soulchild Radio Mix,2003,https://open.spotify.com/track/2VHfyWLlvCvbkIqtS5tqt3
Card-292,Foreigner,Hot Blooded,2011,https://open.spotify.com/track/1mGeOLc6quenMZHF1ZDVvP
Card-293,Cutting Crew,(I Just) Died In Your Arms,1986,https://open.spotify.com/track/4ByEFOBuLXpCqvO1kw8Wdm
Card-294,Star-Lord Band,"Zero to Hero - Music from ""Marvel's Guardians of the Galaxy: Original Video Game Soundtrack""",2021,https://open.spotify.com/track/6x6vytEzs9bwu0XzrIMrKB
Card-295,Star-Lord Band,Bit of Good (Bit of Bad),2021,https://open.spotify.com/track/2gdrfi6QVsW0IgEQoZb0F7
Card-296,Siouxsie and the Banshees,Spellbound,2022,https://open.spotify.com/track/193bm1RUDDOF0cnLJHJ93V
Card-297,Krokus,Hoodoo Woman,2010,https://open.spotify.com/track/0oBD0Mc8MbeXcpFVKyVohY
Card-298,The Smashing Pumpkins,Bullet With Butterfly Wings - Remastered 2012,1995,https://open.spotify.com/track/6GtX0jaNL8IjVQfrDBx81z
Card-299,Creedence Clearwater Revival,Run Through The Jungle,1970,https://open.spotify.com/track/6J0AjzrYsPZrQtw6IjErhy
Card-300,Therion,Leviathan,2021,https://open.spotify.com/track/6YaocWTDDoAAIPJVPFBv8x
Card-301,Twisted Sister,I Wanna Rock,1984,https://open.spotify.com/track/70Z9t1qhytWtG4cCmmi7mU
Card-302,Gun,Word Up 2022 (feat. The Sisterhood),2022,https://open.spotify.com/track/6tyV1pqmfhn4F4XgM1nYUG
Card-303,Therion,Sitra Ahra,2010,https://open.spotify.com/track/0uLufckMlMqXtnzw2mDoEC
Card-304,Bruce Springsteen,Badlands,1978,https://open.spotify.com/track/0M1YQiRGel1tTMjA3orfRd
Card-305,Beastie Boys,No Sleep Till Brooklyn,1986,https://open.spotify.com/track/5qxChyzKLEyoPJ5qGrdurN
Card-306,Rainbow,Since You Been Gone,1979,https://open.spotify.com/track/6xq5DxZWGgdStAxGAil0yw
Card-307,Silver,Wham Bam Shang-A-Lang,1976,https://open.spotify.com/track/3qrEG6rQ9Qm72MNWeUKKiU
Card-308,Van Halen,Jump,1996,https://open.spotify.com/track/6Fba9RZtC6vTY814JToDtP
Card-309,Neil Young,Heart Of Gold,2010,https://open.spotify.com/track/5vd1QZ0tdXOExiegC55IAS
Card-310,Tom Petty,Love Is A Long Road,1989,https://open.spotify.com/track/4PJEK76V3A1S0XzZJuTWh7
Card-311,Neil Young,Harvest Moon,2010,https://open.spotify.com/track/2nekCvC9XRXQckWNnkIp2l
Card-312,Therion,Litany Of The Fallen,2022,https://open.spotify.com/track/2FSiK95QHH9brWSaO8KlxZ
Card-313,Ten,The Hourglass And The Landslide,2011,https://open.spotify.com/track/4EtDMWbdPpRbEpESiTbIWQ
Card-314,Ambeon,Cold Metal,2001,https://open.spotify.com/track/06sqBPWI4Xv0OjfqCxImIv
Card-315,Ambeon,Ashes,2001,https://open.spotify.com/track/3JzE4CXHWTO9rYm5CyP5Ah
Card-316,Therion,Summernight City - 2001,2020,https://open.spotify.com/track/4jpqFxY60NkVZIKJtqF7BS
Card-317,Scorpions,Still Loving You - 2015 - Remaster,1984,https://open.spotify.com/track/5ctrWrTwgy5xLZA4OWgY5O
Card-318,The Offspring,"You're Gonna Go Far, Kid",2008,https://open.spotify.com/track/6TfBA04WJ3X1d1wXhaCFVT
Card-319,Ayreon,Through The Wormhole,2000,https://open.spotify.com/track/278WIslEWJgpYlurFow9dN
